Name,Link
academic,../category/books/academic_40/index.html
add-a-comment,../category/books/add-a-comment_18/index.html
adult-fiction,../category/books/adult-fiction_29/index.html
art,../category/books/art_25/index.html
autobiography,../category/books/autobiography_27/index.html
biography,../category/books/biography_36/index.html
business,../category/books/business_35/index.html
childrens,../category/books/childrens_11/index.html
christian,../category/books/christian_43/index.html
christian-fiction,../category/books/christian-fiction_34/index.html
classics,../category/books/classics_6/index.html
contemporary,../category/books/contemporary_38/index.html
crime,../category/books/crime_51/index.html
cultural,../category/books/cultural_49/index.html
default,../category/books/default_15/index.html
erotica,../category/books/erotica_50/index.html
fantasy,../category/books/fantasy_19/index.html
fiction,../category/books/fiction_10/index.html
food-and-drink,../category/books/food-and-drink_33/index.html
health,../category/books/health_47/index.html
historical,../category/books/historical_42/index.html
historical-fiction,../category/books/historical-fiction_4/index.html
history,../category/books/history_32/index.html
horror,../category/books/horror_31/index.html
humor,../category/books/humor_30/index.html
music,../category/books/music_14/index.html
mystery,../category/books/mystery_3/index.html
new-adult,../category/books/new-adult_20/index.html
nonfiction,../category/books/nonfiction_13/index.html
novels,../category/books/novels_46/index.html
paranormal,../category/books/paranormal_24/index.html
parenting,../category/books/parenting_28/index.html
philosophy,../category/books/philosophy_7/index.html
poetry,../category/books/poetry_23/index.html
politics,../category/books/politics_48/index.html
psychology,../category/books/psychology_26/index.html
religion,../category/books/religion_12/index.html
romance,../category/books/romance_8/index.html
science,../category/books/science_22/index.html
science-fiction,../category/books/science-fiction_16/index.html
self-help,../category/books/self-help_41/index.html
sequential-art,../category/books/sequential-art_5/index.html
short-stories,../category/books/short-stories_45/index.html
spirituality,../category/books/spirituality_39/index.html
sports-and-games,../category/books/sports-and-games_17/index.html
suspense,../category/books/suspense_44/index.html
thriller,../category/books/thriller_37/index.html
travel,../category/books/travel_2/index.html
womens-fiction,../category/books/womens-fiction_9/index.html
young-adult,../category/books/young-adult_21/index.html
